sequence_id,date
A/Victoria/210/2009,2009.418
A/Wisconsin/15/2009,2009.432
A/Perth/16/2009-egg,2009.264
A/Perth/16/2009,2009.264
A/Victoria/208/2009,2009.418
A/Perth/10/2010,2010.396
A/Iowa/19/2010,2010.996
A/Alaska/5/2010,2010.936
A/Stockholm/18/2011,2011.141
A/Southauckland/7/2012,2012.452
A/Victoria/361/2011,2011.999
A/Victoria/361/2011-egg,2011.001
A/Texas/50/2012,2012.999
A/Texas/50/2012-egg,2012.999
A/Zhejiang-Wuxin/130/2015,2015.018
A/Hawaii/22/2012,2012.52
A/Christchurch/516/2012,2012.515
A/Wisconsin/34/2014,2014.747
A/Zambia/6-020/2014,2014.73
A/Zambia/4-00021/2015,2015.07
A/Zambia/2-00106/2015,2015.229
A/Zambia/4-303/2014,2014.87
A/Zambia/4-288/2014,2014.944
A/Paraguay/3144/2014,2014.886
A/Santiago/70123/2014,2014.818
A/Tocantins/18288/2015,2015.166
A/Tocantins/16261/2015,2015.133
A/Norway/2326/2015,2015.355
A/Victoria/5076/2014,2014.821
A/Victoria/6001/2015,2015.01
A/Netherlands/876/2016,2016.111
A/Tucuman/I2377/2014,2014.733
A/Victoria/5065/2014,2014.73
A/Taiwan/775/2015,2015.385
A/Taiwan/504/2015,2015.207
A/RheinlandPfalz/13/2014,2014.853
A/Malta/MX001178/2014,2014.804
A/Austria/838274/2015,2015.081
A/Slovenia/1411/2015,2015.19
A/Stockholm/6/2014,2014.1
A/Uruguay/86/2015,2015.61
A/Zonguldak/3161/2016,2016.097
A/Norway/2665/2015,2015.856
A/Sachsen/2/2016,2016.048
A/SouthAustralia/55/2014,2014.446
A/Switzerland/9715293/2013,2013.999
A/Switzerland/9715293/2013-egg,2013.993
A/Tasmania/11/2014,2014.204
A/Kobe/63/2014,2014.385
A/Norway/466/2014,2014.092
A/Ulaanbaatar/4846/2014,2014.974
A/Tianjin-Hexi/195/2015,2015.086
A/Madagascar/3069/2014,2014.807
A/Lao/I1018/2014,2014.747
A/Yokohama/92/2014,2014.801
A/Shandong-Zhifu/1499/2014,2014.76
A/Vietnam/627/2014,2014.873
A/Vietnam/630/2014,2014.955
A/Yokohama/89/2014,2014.738
A/Shandong-Fushan/144/2014,2014.736
A/Zhejiang-Yongkang/147/2016,2016.042
A/Yunnan-Linxiang/11032/2014,2014.842
A/SaudiArabia/8/2014,2014.758
A/Yunnan-Wenshan/1805/2015,2015.76
A/Texas/88/2016,2016.149
A/Valdivia/72413/2015,2015.763
A/Talca/79797/2015,2015.848
A/Valparaiso/63203/2016,2016.671
A/Roraima/144238-IEC/2016,2016.799
A/Nevada/22/2016,2016.173
A/Perth/22/2016,2016.288
A/Idaho/33/2016-egg,2016.433
A/Idaho/33/2016,2016.433
A/Wellington/4/2016,2016.548
A/Townsville/51/2016,2016.949
A/Iceland/69/2017,2017.185
A/Ireland/98/2016,2016.993
A/NewZealand/831/2016,2016.633
A/Victoria/504/2016,2016.37
A/Norway/3545/2016,2016.365
A/Peru/27/2015,2015.281
A/Kenya/160/2018,2018.582
A/Colombia/6646/2017,2017.859
A/Texas/71/2017,2017.21
A/Virginia/27/2017,2017.264
A/SantaCatarina/918/2017,2017.79
A/Brazil/4139/2018,2018.593
A/Pernambuco/151608-IEC/2018,2018.127
A/Luxembourg/18015797/2018,2018.232
A/Kansas/14/2017,2017.999
A/Kansas/14/2017-egg,2017.999
A/Peru/6019/2019,2019.681
A/Wellington/53/2019,2019.727
A/Wellington/52/2019,2019.642
A/Indiana/8/2018,2018.1
A/Albania/80/2019,2019.212
A/Bolivia/3906/2018,2018.692
A/Yokosuka/NHRC_OID_FDX70722/2019,2019.292
A/Argentina/1333/2019,2019.536
A/Peru/6219/2019,2019.971
A/Argentina/2852/2019,2019.867
A/Pennsylvania/866/2019,2019.259
A/Italy/9690/2019,2019.275
A/Suriname/828/2019,2019.582
A/Victoria/975/2019,2019.314
A/Malta/53539/2019,2019.062
A/Latvia/3-012433/2019,2019.171
A/Peru/6619/2019,2019.774
A/Iceland/37/2020,2020.234
A/Austria/1210937/2019,2019.999
A/Brest/2490/2019,2019.826
A/Ireland/87568/2019,2019.832
A/Sweden/87/2020,2020.16
A/Victoria/2873/2019,2019.993
A/Victoria/79/2020,2020.165
A/Poland/1521/2020,2020.012
A/Melilla/1088/2020,2020.149
A/Norway/828/2020,2020.1
A/Luxembourg/LNS8654682/2020,2020.195
A/Netherlands/477/2020,2020.187
A/Singapore/22/2012,2012.43
A/Thailand/CU-H3689/2015,2015.141
A/Thailand/CU-B11065/2014,2014.785
A/HongKong/4801/2014,2014.999
A/HongKong/4801/2014-egg,2014.983
A/SriLanka/64/2014,2014.9
A/SriLanka/72/2014,2014.993
A/SriLanka/1/2015,2015.004
A/Townsville/1/2017,2017.144
A/Yokohama/139/2017,2017.382
A/Bermuda/362/2017,2017.089
A/Yokohama/31/2017,2017.045
A/Honduras/188/2017,2017.368
A/Yamanashi/1790/2017,2017.177
A/Yokohama/84/2017,2017.103
A/Singapore/TT0096/2017,2017.07
A/Indonesia/Nihrd-Pal350/2017,2017.171
A/Bangladesh/1010/2017,2017.314
A/Victoria/2018/2017,2017.316
A/Vaxjo/1/2017,2017.664
A/Hawaii/47/2014,2014.544
A/SaoPaulo/9-134/2014,2014.955
A/Tocantins/4622/2015,2015.051
A/Victoria/9/2015,2015.385
A/Stockholm/24/2014,2014.736
A/Victoria/944/2014,2014.84
A/Wyoming/9/2014,2014.771
A/Wyoming/17/2014,2014.897
A/NewCaledonia/71/2014,2014.615
A/SriLanka/8/2015,2015.229
A/SriLanka/73/2014,2014.771
A/SouthAfrica/R1734/2015,2015.319
A/Zambia/9-00008/2015,2015.862
A/SouthAfrica/R4157/2015,2015.448
A/Mozambique/IR499/2015,2015.138
A/SouthAfrica/R3989/2015,2015.511
A/SouthAfrica/4639/2016,2016.512
A/Oman/5494/2015,2015.796
A/Sapporo/71/2015,2015.955
A/Bangladesh/3400/2015,2015.396
A/Bangladesh/203006/2015,2015.922
A/Cambodia/FSS31758/2015,2015.936
A/Tunisia/559/2016,2016.034
A/South-Africa/VW0105/2016,2016.602
A/NordrheinWestfalen/39/2016,2016.171
A/Perugia/25/2016,2016.25
A/Oman/5191/2016,2016.436
A/Phuket/421/2016,2016.933
A/Wisconsin/20/2015,2015.149
A/Washington/37/2015,2015.344
A/Norway/2590/2015,2015.615
A/Uganda/215/2017,2017.059
A/Uganda/1610/2016,2016.116
A/Sendai-H/N280/2015,2015.558
A/Nebraska/19/2015,2015.81
A/Yokohama/109/2016,2016.184
A/SouthAfrica/R2665/2015,2015.396
A/Wellington/7/2015,2015.459
A/Townsville/37/2015,2015.796
A/Townsville/38/2015,2016.086
A/Wellington/4/2015,2015.538
A/Victoria/898/2015,2015.648
A/India/609/2015,2015.141
A/Michigan/15/2014,2014.999
A/HongKong/7127/2014-egg,2014.999
A/NewCaledonia/71/2014-egg,2016.327
A/Ordu/1603/2014,2014.834
A/Yokohama/81/2015,2015.166
A/Yokohama/88/2015,2015.3
A/Saitama/103/2014-egg,2014.878
A/Saitama/103/2014,2014.878
A/Yokohama/184/2014,2014.982
A/Yokohama/97/2014,2014.867
A/Victoria/509/2015,2015.311
A/Yokohama/5/2015,2015.015
A/Yokohama/55/2015,2015.089
A/Thailand/CU-B11843/2015,2015.308
A/Wyoming/2/2015,2015.04
A/Tehran/106491/2015,2015.303
A/SouthAfrica/5390/2015,2015.656
A/Bulgaria/477/2015,2015.158
A/Thailand/CU-B11518/2015,2015.051
A/Vologda/CRIE-22/2015,2015.062
A/Fiji/2/2015,2015.166
A/Wisconsin/69/2015,2015.497
A/Athens/2584/2016,2016.138
A/Parana/293/2016,2016.239
A/Yokohama/123/2016,2016.411
A/SouthAfrica/4363/2016,2016.493
A/Texas/183/2016,2016.665
A/Peru/8316/2016,2016.633
A/Valparaiso/33881/2016,2016.376
A/Vina/50464/2016,2016.537
A/Valparaiso/49572/2016,2016.447
A/Vietnam/171/2015,2015.242
A/Finland/504/2015,2015.034
A/Bulgaria/482/2015,2015.171
A/Ghana/FS-15-0773/2015,2015.96
A/Marseille/2588/2015,2015.914
A/Serbia/2059/2016,2016.225
A/Picardie/973/2017,2017.119
A/Dakar/17/2016,2016.668
A/Extremadura/390/2017,2017.021
A/UlanUde/1/2016,2016.933
A/Tunisia/15302/2017,2016.99
A/Tunis/14115/2016,2016.914
A/Tanzania/4357/2017,2017.237
A/Tanzania/4390/2017,2017.292
A/Antananarivo/1998/2017,2017.336
A/Kazakhstan/6975/2017,2017.032
A/Khakassia/CRIE-360/2017,2017.464
A/Singapore/TT1374/2016,2016.917
A/Maryland/23/2016,2016.903
A/Taipei/123/2017,2017.092
A/Lao/753/2017,2017.158
A/Nonthaburi/414/2016,2016.876
A/Moscow/165/2016,2016.9
A/Ghana/2717/2017,2017.705
A/Volgograd/RII745S/2016,2016.824
A/Moscow/46/2017,2017.144
A/Iasi/3816/2016,2016.993
A/California/179/2016,2016.922
A/Moldova/14006/2017,2017.1
A/Maldives/158/2017,2017.144
A/Maldives/499/2017,2017.221
A/Ohio/31/2017,2017.563
A/NewZealand/671/2017,2017.492
A/Wellington/5/2017,2017.41
A/Cameroon/4372/2018,2018.295
A/Togo/1048/2017,2017.81
A/Yokohama/112/2018,2018.842
A/Mali/235/2018,2018.867
A/Mali/57/2018,2018.768
A/Zhejiang-Shangcheng/1153/2018,2018.144
A/Yunnan-Gucheng/1887/2018,2018.87
A/HongKong/4994/2017,2017.963
A/Townsville/16/2017,2017.911
A/Choibalsan/3093/2017,2017.925
A/Taiwan/1445/2017,2017.853
A/Congo/319/2018,2018.41
A/Congo/422/2018,2018.522
A/Congo/735/2018,2018.99
A/Norway/3319/2014,2014.963
A/Bulgaria/490/2015,2015.174
A/Wisconsin/24/2015,2015.185
A/Stavropol/8/2015,2015.941
A/Wisconsin/9/2015,2015.133
A/NewJersey/26/2014,2014.878
A/Victoria/73/2015,2015.722
A/Yekaterinburg/239/2015,2015.174
A/YoshkarOla/CRIE-80/2015,2015.149
A/Ukraine/6784/2015,2015.245
A/HongKong/7127/2014,2014.574
A/Sweden/77/2014,2014.963
A/Taiwan/596/2015,2015.297
A/Toyama/107/2015,2015.368
A/Wyoming/18/2015,2015.725
A/England/54020563/2015,2015.73
A/Trencin/558/2015,2015.147
A/Valparaiso/50323/2015,2015.56
A/Valparaiso/42142/2015,2015.475
A/Guangdong/724/2015,2015.626
A/Montana/28/2015,2015.73
A/Alaska/240/2015,2015.705
A/Guangdong/616/2015,2015.514
A/Vietnam/106/2015,2015.574
A/Vietnam/95/2015,2015.478
A/Taiwan/805/2015,2015.426
A/Washington/45/2015,2015.456
A/Tokyo/15347/2015,2015.771
A/Wakayama-C/105/2015,2015.623
A/Victoria/922/2015,2015.234
A/Wellington/1/2015,2015.092
A/Hessen/49/2015,2015.862
A/Oman/5287/2015,2015.607
A/SouthAfrica/6131/2015,2015.747
A/Brandenburg/48/2015,2015.875
A/Tunisia/12370/2015,2015.768
A/SaudiArabia/78764/2015,2015.733
A/Bangladesh/914007/2015,2015.716
A/Bangladesh/9015/2015,2015.659
A/Sydney/530/2014,2014.925
A/Wyoming/20/2014,2014.938
A/Wisconsin/66/2015,2015.303
A/RioGrandeDoNorte/134696-IEC/2015,2015.267
A/Slovenia/2975/2015,2015.87
A/Norway/2573/2015,2015.549
A/Alaska/140/2015,2015.61
A/PuertoMontt/73064/2015,2015.741
A/Norway/2571/2015,2015.538
A/Trinidad/187/2016,2016.018
A/Trinidad/2603/2015,2015.966
A/Wyoming/19/2015,2015.84
A/Washington/77/2015,2015.988
A/Victoria/455/2015,2015.955
A/Vietnam/GS150287/2015,2015.377
A/Finland/526/2015,2015.281
A/SaoPaulo/3-32002/2015,2015.388
A/Sydney/9/2016,2016.02
A/Vietnam/GS150761/2015,2015.719
A/Vietnam/GS151050/2015,2015.826
A/Vietnam/6058/2016,2016.392
A/Vietnam/6038/2016,2016.515
A/Kazakhstan/53/2015,2015.897
A/Vietnam/157/2015,2015.582
A/Yunnan-Wenshan/1893/2015,2015.856
A/Yunnan-Linxiang/1718/2016,2016.439
A/NewYork/78/2016,2016.318
A/Bangladesh/5008/2015,2015.782
A/Vietnam/172/2015,2015.848
A/Italy-FVG/105/2015,2015.9
A/SriLanka/63/2015,2016.086
A/Santiago/24151/2016,2016.277
A/Tsaralalana/2054/2016,2016.335
A/Victoria/7/2016,2016.43
A/Kenya/23/2016,2016.78
A/Seoul/1595/2015,2015.703
A/Tianjin-Baodi/1165/2017,2017.163
A/Kawasaki/109/2016,2016.526
A/Washington/16/2017,2017.067
A/Trang/51/2017,2017.39
A/Trang/87/2017,2017.464
A/HongKong/2302/2016,2016.575
A/HongKong/247/2017,2017.021
A/Zhejiang-Jiaojiang/1255/2017,2017.281
A/Victoria/1/2017,2017.193
A/Yunnan-Xianggelila/1375/2017,2017.393
A/Brisbane/321/2016,2016.966
A/Brisbane/318/2016,2016.947
A/NorthCarolina/4/2017,2017.07
A/Yokohama/131/2017,2017.286
A/Zhejiang-Nanhu/1679/2017,2017.637
A/Nebraska/2/2017,2017.026
A/Zambia/305/2017,2017.867
A/Wisconsin/19/2017-egg,2017.062
A/Norway/4465/2016-egg,2016.999
A/Peru/3817/2017,2017.933
A/Iceland/137/2017,2017.988
A/Niedersachsen/187/2017,2017.914
A/Denmark/98/2017,2017.968
A/Lithuania/MB10238/2018,2018.24
A/Moscow/149/2018,2018.275
A/Iceland/95/2018,2018.382
A/Iceland/94/2018,2018.371
A/Montenegro/41/2017,2017.993
A/Dnipropetrovsk/416/2018,2018.311
A/Tyumen/RII-2/2018,2018.442
A/Finland/921/2018,2018.289
A/NewZealand/783/2017,2017.511
A/Uruguay/170/2017,2017.412
A/Ireland/28834/2018,2018.199
A/Suriname/2354/2017,2017.925
A/Brazil/8164/2017,2017.725
A/VinaDelMar/60406/2018,2018.555
A/Finland/912/2018,2018.19
A/Townsville/1000/2018,2018.127
A/Bretagne/1565/2017-egg,2018.834
A/Switzerland/882/2017,2017.777
A/Bretagne/1413/2017,2017.771
A/Paris/1362/2017,2017.7
A/Switzerland/8060/2017,2017.999
A/Switzerland/8060/2017-egg,2017.992
A/MinasGerais/39/2018,2018.034
A/Brisbane/117/2018,2018.568
A/PuertoRico/21/2018,2018.492
A/NewMexico/14/2018,2018.147
A/Paraguay/9159/2018,2018.193
A/Arizona/37/2018,2018.396
A/Wisconsin/335/2017,2017.851
A/Kharkiv/266/2018,2018.289
A/SuratThani/83/2018,2018.251
A/Sachsen/47/2018,2018.179
A/Brisbane/1/2018,2018.004
A/Brisbane/36/2018,2018.226
A/Finland/18/2019,2019.078
A/Yokohama/199/2017,2017.936
A/Rancagua/54068/2018,2018.486
A/Bahrain/449/2018,2018.604
A/Peru/769818/2018,2018.807
A/Slovenia/2792/2017,2017.993
A/AltoHospicio/37840/2018,2018.297
A/Yokohama/53/2018,2018.19
A/Wakayama/62/2018,2018.086
A/Loei/1152/2018,2018.462
A/Yokohama/100/2018,2018.738
A/Yasothon/21/2019,2019.007
A/Yokohama/14/2018,2018.04
A/Yamanashi/18202/2018,2018.308
A/Christchurch/504/2018,2018.599
A/Victoria/908/2018,2018.738
A/Victoria/909/2018,2018.821
A/Miyazaki/72/2018,2018.5
A/Wisconsin/4/2018,2018.004
A/Victoria/2020/2018,2018.396
A/Kanagawa/ZC1735/2018,2018.604
A/HongKong/656/2018,2018.264
A/Sapporo/51/2018,2018.423
A/Brisbane/1/2018-egg,2018.826
A/Yokohama/111/2018,2018.801
A/Philippines/464/2018,2018.344
A/Virginia/24/2018,2018.199
A/Sapporo/45/2018,2018.33
A/Taiwan/81101/2018,2018.812
A/Taiwan/80749/2018,2018.514
A/Yamaguchi/28/2015,2015.933
A/SriLanka/61/2015,2015.911
A/Yokohama/81/2016,2016.116
A/Yokohama/102/2015,2015.884
A/Wakayama-C/103/2015,2015.489
A/HongKong/50/2016-egg,2015.996
A/Singapore/INFTT-16-0083/2016,2016.059
A/Slovenia/39/2016,2016.015
A/Victoria/2015/2016,2016.204
A/Bulgaria/920/2016,2016.225
A/Alaska/232/2015-egg,2015.999
A/Yunnan-Qilin/1902/2015,2015.733
A/Alaska/232/2015,2015.705
A/Yokohama/119/2016,2016.277
A/Ontario/RV2414/2015,2015.864
A/Yunnan-Zhaoyang/11110/2015,2015.941
A/NorthCarolina/4/2016,2016.034
A/Talca/14380/2016,2016.16
A/Yokohama/4/2016,2016.026
A/Tianjin-Nankai/1405/2016,2016.184
A/Sichuan-Jinjiang/8156/2016,2016.305
A/HongKong/1706/2016,2016.367
A/Tochigi/16153/2016,2016.458
A/Ecuador/1614/2017,2017.281
A/SriLanka/39/2016,2016.908
A/SriLanka/49/2016,2016.755
A/SriLanka/45/2016,2016.96
A/SriLanka/5/2017,2017.021
A/Yozgat/14/2017,2016.004
A/Bangladesh/5010/2016,2016.488
A/SaudiArabia/193825/2016,2016.72
A/Yokohama/200/2016,2016.974
A/SantaCatarina/1909/2016,2016.988
A/Victoria/673/2016,2016.884
A/Singapore/TT1329/2016,2016.821
A/Kyiv/850/2016,2016.818
A/Canberra/7/2016,2016.275
A/Vietnam/6021/2016,2016.327
A/Victoria/825/2016,2016.693
A/Vietnam/6179/2016,2016.63
A/Lao/F2884/2016,2016.717
A/Colombia/1408/2016,2016.889
A/Luxembourg/16018339/2016,2016.261
A/Brisbane/197/2015,2015.856
A/Wisconsin/87/2015,2015.826
A/Taiwan/794/2016,2016.69
A/Taiwan/960/2016,2016.87
A/Bangladesh/429/2016,2016.602
A/HongKong/2391/2016,2016.605
A/Singapore/INFTT-16-0297/2016,2016.152
A/Tehran/50179/2016,2016.258
A/Varamin/49785/2016,2016.245
A/Rennes/497/2016,2016.067
A/Singapore/INFKK-16-0294/2016,2016.173
A/Newcastle/30/2016,2016.242
A/SouthAustralia/135/2016,2016.75
A/Stockholm/26/2016,2016.253
A/NosyBe/1060/2016,2016.245
A/Oman/5466/2016,2016.512
A/Latvia/11-053089/2016,2016.889
A/Tokyo/160298/2016,2016.687
A/Arizona/67/2016,2016.34
A/Bangladesh/3001/2016,2016.668
A/Washington/106/2016,2016.963
A/Delaware/32/2016,2016.873
A/Wisconsin/84/2016,2016.745
A/Portugal/SU12/2016,2016.816
A/Zambia/2-00087/2017,2017.127
A/Singapore/Infimh-16-0019/2016,2016.452
A/Singapore/Infimh-16-0019/2016-egg,2016.701
A/NorthernIreland/64360271/2016,2016.786
A/Stockholm/32/2016,2016.561
A/Norway/3806/2016-egg,2016.449
A/Oman/4726/2016,2016.376
A/Kyiv/80/2017,2017.086
A/Yokohama/124/2016,2016.633
A/Yokohama/149/2016,2016.914
A/Oregon/19/2016,2016.799
A/Peru/6917/2017,2017.432
A/Greece/4/2017-egg,2017.004
A/Uruguay/43/2017,2017.223
A/Congo/553/2017,2017.936
A/Congo/7/2018,2018.01
A/Visby/5/2017,2017.177
A/StPetersburg/274/2017,2017.278
A/Stockholm/27/2017,2017.278
A/SouthAfrica/R05675/2017,2017.495
A/Austria/973209/2017,2017.149
A/StPetersburg/311/2017,2017.166
A/Santiago/56159/2017,2017.541
A/Antananarivo/1067/2016,2016.261
A/Antananarivo/1067/2016-egg,2016.261
A/India/8359/2016,2016.542
A/Bahrain/786/2016,2016.665
A/Yamaguchi/34/2016,2016.824
A/Texas/68/2017,2017.163
A/Florida/23/2017,2017.223
A/Guatemala/228/2017,2017.464
A/Bangladesh/8007/2017,2017.371
A/Oman/5468/2016,2016.51
A/Finland/725/2016,2016.952
A/Norway/4112/2016,2016.643
A/SouthCarolina/4/2017,2017.045
A/Uruguay/14/2017,2017.084
A/Singapore/TT0555/2017,2017.36
A/Netherlands/3112/2017,2017.314
A/Victoria/1000/2017,2017.073
A/Parana/99/2017,2017.127
A/Colombia/5238/2017,2017.588
A/India/9930/2017,2017.821
A/SaudiArabia/VRG-04/2017,2017.412
A/Oman/5186/2017,2017.752
A/Pakistan/178/2017,2017.582
A/Paris/1379/2017,2017.719
A/Texas/290/2017,2017.796
A/Paris/1340/2017,2017.662
A/Philippines/189/2018,2018.136
A/AbuDhabi/134/2018,2018.785
A/Sydney/22/2018,2018.168
A/Madagascar/1123/2018,2018.232
A/Wisconsin/95/2018,2018.585
A/Victoria/9/2019,2019.081
A/HongKong/2060/2018,2018.722
A/Nagano/2731/2017,2017.908
A/SriLanka/94/2017,2017.914
A/Canterbury/4/2018,2018.445
A/Georgia/714/2017,2017.552
A/HongKong/4829/2017,2017.807
A/Bangladesh/1371/2018,2018.56
A/Bangladesh/723/2018,2018.653
A/Maldives/1068/2017,2017.7
A/Yokohama/145/2017,2017.741
A/Philippines/758/2017,2017.689
A/Zhejiang-Nanhu/1745/2017,2017.695
A/Nonthaburi/182/2017,2017.626
A/Bangladesh/2171/2017,2017.448
A/Lithuania/MB10772/2018,2018.256
A/Sydney/13/2018,2018.007
A/Vietnam/Lisn131/2017,2017.566
A/Tokyo/17185/2017,2017.456
A/HongKong/2286/2017,2017.941
A/HongKong/2286/2017-egg,2017.941
A/Afghanistan/616/2017,2017.9
A/Afghanistan/833/2017,2017.941
A/Wisconsin/327/2017,2017.725
A/Oman/5101/2017,2017.738
A/Yokosuka/26/2017,2017.801
A/Wellington/1/2018,2018.311
A/NewZealand/2391/2017,2017.67
A/Victoria/653/2017,2017.607
A/Victoria/653/2017-egg,2017.607
A/Victoria/899/2017,2017.777
A/India/4658/2018,2018.086
A/India/4667/2018,2018.24
A/Lao/4043/2017,2017.79
A/Lopburi/172/2018,2018.656
A/Chanthaburi/1363/2018,2018.538
A/Bangladesh/2/2017,2017.588
A/Bangladesh/2097/2017,2017.497
A/HongKong/3630/2017,2017.549
A/Townsville/18/2017,2017.993
A/Wakayama-C/107/2017,2017.612
A/Florida/52/2017,2017.59
A/Trang/2627/2017,2017.944
A/Cambodia/1054/2017,2017.905
A/Vietnam/GHS180004/2018,2018.012
A/Vladimir/191/2018,2018.347
A/Yokohama/181/2017,2017.908
A/Yunnan-Linxiang/1594/2018,2018.407
A/NewCaledonia/8/2018,2018.16
A/Maldives/1471/2017,2017.952
A/Oman/1759/2018,2018.19
A/Oman/943/2018,2018.086
A/CzechRepublic/1060/2019,2019.19
A/Lebanon/661/2018,2018.908
A/Lebanon/560/2018,2018.67
A/Bangladesh/155/2018,2018.018
A/Bhutan/742/2018,2018.719
A/India/534/2019,2019.273
A/Nonthaburi/329/2018,2018.834
A/SriLanka/55/2018,2018.87
A/SriLanka/45/2018,2018.763
A/SouthDakota/44/2018,2018.738
A/Srinigar/AG313/2019,2018.999
A/Srinigar/AG480/2019,2019.053
A/Minnesota/58/2018,2018.889
A/Estonia/119717/2019,2019.16
A/Poland/3029/2019,2019.152
A/Iasi/243581/2019,2019.177
A/Mogilev/1315/2019,2019.177
A/AbuDhabi/240/2018-egg,2018.001
A/AbuDhabi/240/2018,2018.001
A/NorthCarolina/36/2018,2018.256
A/Jiangxi-Zhushan/1657/2018,2018.632
A/Beijing-Huairou/1557/2018,2018.174
A/HongKong/681/2018,2018.27
A/Townsville/23/2018,2018.552
A/HongKong/45/2019,2018.979
A/HongKong/121/2019,2019.004
A/Zhejiang-Lucheng/1951/2019,2019.774
A/Zhejiang-Yongkang/1235/2019,2019.212
A/DistrictOfColumbia/3/2019,2019.007
A/Mahasarakham/51/2019,2019.086
A/Lao/1214/2019,2019.347
A/Mahasarakham/116/2019,2019.171
A/Oman/4518/2019,2019.544
A/Bangladesh/3055/2019,2019.388
A/Yokohama/237/2019,2019.9
A/Philippines/1551/2019,2019.87
A/Finland/140/2019,2019.914
A/Bangladesh/1582/2019,2019.478
A/Kuwait/5141/2019,2019.766
A/Philippines/1372/2019,2019.768
A/Darwin/726/2019,2019.755
A/Delaware/39/2019,2019.404
A/Zambia/700159/2021,2021.423
A/Zambia/305/2021,2021.259
A/Kenya/143/2021,2021.686
A/Pennsylvania/1033/2019,2019.922
A/Pennsylvania/1026/2019-egg,2019.842
A/Pennsylvania/1026/2019,2019.768
A/Bangladesh/18-1012/2019,2019.799
A/Nepal/20FL1005/2020,2020.217
A/SouthAuckland/2/2020,2020.988
A/Wisconsin/52/2020,2020.193
A/Yunnan-Linxiang/1480/2020,2020.764
A/Zhejiang-Xihu/3108/2019,2019.292
A/HongKong/2671/2019,2019.459
A/HongKong/2671/2019-egg,2019.459
A/Yunnan-Qilin/11/2020,2020.007
A/Yunnan-Wenshan/1269/2020,2020.209
A/Yunnan-Wenshan/1489/2020,2020.439
A/Yunnan-Wenshan/1606/2020,2020.553
A/Yunnan-Wenshan/1218/2021,2021.201
A/Yunnan-Wenshan/1435/2020,2020.362
A/Zhejiang-Shangcheng/1450/2019,2019.423
A/Yunnan-Linxiang/1670/2020,2020.9
A/Victoria/7/2020,2020.01
A/Lao/1789/2019,2019.497
A/Saitama/95/2020,2020.217
A/Nonthaburi/63/2020,2020.173
A/Cambodia/e0403374/2020,2020.184
A/HongKong/4669/2019,2019.963
A/Zhejiang-Lucheng/11038/2019,2019.862
A/Zhejiang-Shangcheng/1725/2019,2019.673
A/Yunnan-Wuhua/1670/2019,2019.637
A/Yunnan-Gucheng/1268/2020,2020.1
A/Yokohama/34/2020,2020.053
A/Nepal/19FL1496/2019,2019.141
A/Vitebsk/927/2019,2019.16
A/Constanta/239165/2018,2018.933
A/NewHampshire/24/2018,2018.558
A/LaRioja/2202/2018,2018.251
A/Maine/46/2018,2018.993
A/Santiago/38093/2018,2018.347
A/Netherlands/10601/2018,2018.79
A/Argentina/934/2019,2019.481
A/Bolivia/237/2019,2019.095
A/Concepcion/106858/2018,2018.922
A/Ecuador/1246/2018,2018.886
A/Colombia/4140/2019,2019.316
A/Peru/3819/2019,2019.344
A/Ecuador/4472/2019,2019.026
A/HongKong/1101/2018,2018.445
A/Togo/299/2019,2019.152
A/Trnava/70/2019,2019.042
A/Orsha/1450/2019,2019.174
A/Moscow/220/2018,2018.968
A/BosniaHerzegovina/87911/2019,2019.275
A/Macedonia/737/2019,2019.078
A/Kenya/130/2019,2019.503
A/Mozambique/243/2019,2019.212
A/Togo/717/2019,2019.47
A/BurkinaFaso/1449/2019,2019.037
A/Lebanon/231/2019,2019.081
A/StPetersburg/RII-322/2019,2019.267
A/Serbia/584/2019,2019.147
A/Nakhonphanom/2883/2018,2018.922
A/Togo/634/2019,2019.382
A/Nigeria/4117/2019,2019.618
A/SaudiArabia/VRG-57/2020,2020.949
A/Mali/361/2019,2019.851
A/SouthKorea/11906/2020,2020.124
A/Niger/7228/2019,2019.738
A/Mali/86/2020,2020.654
A/Yokohama/291/2019,2019.968
A/Stavropol/10/2020,2020.171
A/Togo/230/2020,2020.07
A/Yokohama/68/2020,2020.001
A/Niger/7346/2019,2019.832
A/Spain/12026/2020,2020.116
A/Perth/20/2020-egg,2020.389
A/Perth/20/2020,2020.078
A/Moldova/14405/2020,2020.075
A/Togo/1973/2019,2019.933
A/Zahle/358/2020,2020.154
A/NewYork/21/2020,2020.097
A/Santiago/26038/2020,2020.209
A/Philippines/1/2021,2021.366
A/Ethiopia/1055/2021,2021.9
A/Ethiopia/4004/2021,2021.651
A/Mali/20051/2020,2020.154
A/Mali/20060/2020,2020.168
A/Mali/20046/2020,2020.687
A/Togo/771/2020,2020.791
A/Nigeria/5059/2020,2020.914
A/Niger/8749/2021,2021.037
A/Togo/1246/2021,2021.801
A/Niger/8635/2020,2020.99
A/Togo/237/2021,2021.168
A/Uganda/7/2021,2021.33
A/Zambia/172/2021,2021.536
A/Sydney/8/2021,2021.884
A/Uganda/210/2022,2022.141
A/Mozambique/309/2017,2017.656
A/Taiwan/544/2017,2017.464
A/Kenya/167/2018,2018.426
A/Mozambique/8218/2018,2018.16
A/SouthAfrica/R07380/2017,2017.566
A/NewZealand/2337/2017,2017.64
A/Singapore/TT0495/2017,2017.322
A/Yokohama/143/2017,2017.579
A/Zambia/4-381/2018,2018.692
A/SuratThani/65/2018,2018.201
A/Vietnam/237/2018,2018.736
A/Vietnam/241/2018,2018.755
A/Iowa/60/2018,2018.793
A/Cambodia/e0512384/2020,2020.253
A/Zhejiang-Haishu/1980/2019,2019.401
A/Victoria/753/2018,2018.851
A/Newcastle/82/2018,2018.977
A/Sachsen/97/2019,2019.21
A/Vologda/RII-1090S/2020,2020.026
A/AbuDhabi/54/2019,2019.368
A/Martinique/481/2019,2019.212
A/Norway/1881/2019,2019.316
A/Yokosuka/NHRC_OID_FDX70622/2019,2019.122
A/StPetersburg/RII-300/2019,2019.234
A/SouthAustralia/34/2019,2019.999
A/SouthAustralia/34/2019-egg,2019.1
A/Okinawa/74/2019,2019.503
A/Finland/123/2019,2019.349
A/Netherlands/99/2019,2019.04
A/Yokosuka/17/2019,2019.021
A/Uppsala/6/2019,2019.275
A/Sachsen/92/2019,2019.212
A/Sweden/61/2019,2019.24
A/Sweden/60/2019,2019.212
A/Zhejiang-Nanhu/1108/2019,2019.1
A/Yokohama/132/2019,2019.163
A/Victoria/909/2019,2019.16
A/Swansea/7185/2019,2019.059
A/Yokosuka/57/2018,2018.977
A/ChiangRai/197/2019,2019.295
A/Yokohama/158/2019,2019.347
A/Christchurch/515/2019-egg,2019.253
A/Wellington/8/2019,2019.223
A/Wellington/27/2019,2019.382
A/Victoria/2703/2019,2019.497
A/Montana/18/2019,2019.136
A/Nakhonphanom/498/2019,2019.481
A/MinasGerais/12710/2020,2020.138
A/Saitama/176/2019,2019.642
A/VinaDelMar/82289/2019,2019.185
A/Lao/2461/2019,2019.678
A/Yasothon/384/2019,2019.623
A/Valencia/10_1422/2020,2020.13
A/Hawaii/42/2019,2019.404
A/Lisbon/37/2019,2019.895
A/HongKong/3055/2019,2019.541
A/Abudhabi/67/2019,2019.733
A/Victoria/223/2019,2019.612
A/Tokyo/19139/2019,2019.473
A/Victoria/2859/2019,2019.862
A/Wisconsin/3/2020,2020.023
A/Victoria/97/2019,2019.451
A/Santiago/4891/2020,2020.031
A/Uppsala/7/2019,2019.845
A/Michigan/450/2019,2019.733
A/NorthDakota/34/2019,2019.815
A/Wisconsin/557/2019,2019.536
A/Iceland/72/2019,2019.393
A/Portugal/MS74/2020,2020.22
A/Wisconsin/554/2019,2019.448
A/Maldives/810/2018,2018.407
A/Maldives/925/2018,2018.423
A/Sachsen/94/2018,2018.963
A/Wrexham/6341/2019,2019.223
A/CoteDIvoire/650/2019,2019.292
A/Kuwait/6435/2018,2018.525
A/Oman/4262/2019,2019.481
A/Pakistan/1213/2019,2019.108
A/Moldova/147/2019,2019.051
A/Qatar/16-VI-19-0049409/2019,2019.653
A/Christchurch/502/2020,2020.253
A/Abudhabi/59/2019,2019.659
A/Victoria/2855/2019,2019.81
A/AbuDhabi/85/2019,2019.897
A/Iceland/82/2019,2019.815
A/Yokohama/168/2019,2019.722
A/Michigan/437/2019,2019.653
A/Bahrain/835/2019,2019.944
A/Singapore/TT0043/2020,2020.015
A/Brandenburg/28/2019,2019.9
A/Anantnag/AG_159/2019,2019.914
A/Fujian-Xinluo/1684/2020,2020.288
A/Philippines/25/2020,2020.102
A/Yokohama/187/2019,2019.758
A/Bhutan/885/2019,2019.538
A/Bhutan/162/2019,2019.618
A/Bhutan/1095/2019,2019.733
A/SriLanka/55/2019,2019.971
A/Utah/53/2019,2019.848
A/SriLanka/65/2020,2020.018
A/Kitakyushu/1/2020,2020.583
A/SriLanka/58/2020,2020.143
A/Saitama/92/2020,2020.255
A/Tasmania/503/2020,2020.127
A/Tasmania/503/2020-egg,2020.127
A/Miyagi/2/2021,2021.166
A/TimorLeste/17/2020,2020.51
A/TimorLeste/2/2020,2020.654
A/TimorLeste/43/2021,2021.081
A/TimorLeste/8/2022,2022.048
A/Darwin/2/2021,2021.158
A/Thailand/5/2021,2021.478
A/Cambodia/e0826360/2020,2020.999
A/Cambodia/e0826360/2020-egg,2020.54
A/Cambodia/nC_106184/2020,2020.835
A/Lao/1745/2020,2020.717
A/Lao/1421/2021,2021.278
A/Lao/799/2021,2021.163
A/Vietnam/Vnhcm-Gs520/2020,2020.807
A/California/55/2020,2020.78
A/Cambodia/925256/2020,2020.734
A/Lao/580/2021,2021.141
A/Vietnam/Vnhcm-Gs653/2019,2019.979
A/Yamagata/2/2021,2021.108
A/Guangxi-Fangcheng/11111/2021,2021.727
A/Guangxi/7240/2021,2021.938
A/Zhejiang-Shangcheng/1915/2022,2022.61
A/Guangdong-Zhongshan/1443/2022,2022.371
A/Zhejiang-yongkang/1312/2022,2022.199
A/Yunnan-Zhenxiong/51/2023,2023.089
A/Zhejiang-Nanhu/11082/2022,2022.812
A/Yunnan-Lushui/1989/2022,2022.248
A/Hainan-Baotinglizumiaozuzizhi/35/2022,2022.451
A/Zhejiang-Nanhu/1746/2022,2022.547
A/Zhejiang-Shangcheng/11000/2022,2022.667
A/Shanghai/YP1136C2/2023,2023.073
A/Zhejiang-Yuecheng/1906/2023,2023.67
A/India/Pun-NIV290244/2021,2021.032
A/Wisconsin/2/2021,2021.062
A/Kenya/111/2021,2021.133
A/AbuDhabi/2210622842/2021,2021.168
A/AbuDhabi/2210332924/2021,2021.103
A/Nepal/20FL2312/2020,2020.966
A/Nepal/21FL0201/2021,2021.086
A/SchleswigHolstein/1/2021,2021.873
A/Michigan/173/2020,2020.884
A/Michigan/173/2020-egg,2020.884
A/India/PUN-NIV298154/2021,2021.24
A/Pennsylvania/1/2021,2021.212
A/India/PUN-NIV312063/2021,2021.352
A/SouthAfrica/R07089/2022,2022.429
A/NewYork/2/2021,2021.541
A/AbuDhabi/2211541032/2021,2021.421
A/Minnesota/2/2021,2021.459
A/Darwin/45/2021,2021.818
A/Darwin/36/2021-egg,2021.736
A/Darwin/36/2021,2021.736
A/Moscow/6/2022,2022.051
A/Netherlands/9/2022,2022.012
A/Bangladesh/3005/2020-egg,2020.673
A/Bangladesh/911009/2020-egg,2020.673
A/Salalah/520266545/2020,2020.761
A/Bangladesh/1006/2020,2020.652
A/Bangladesh/10006/2020,2020.652
A/Bangladesh/911009/2020,2020.673
A/Bangladesh/4005/2020,2020.758
A/AbuDhabi/390121/2021,2021.04
A/Yekaterinburg/10-01V/2021,2021.645
A/Tyumen/1V/2021,2021.577
A/Netherlands/717/2022,2022.245
A/Netherlands/999/2022,2022.347
A/Sendai/45/2023,2023.689
A/Yokosuka/2/2023,2023.722
A/Yamaguchi/22FS212_2/2022,2023.429
A/Yamaguchi/22FS212/2022,2022.412
A/Shizuoka/20/2023,2023.177
A/Trnava/97/2022,2022.952
A/Montana/8/2023,2023.023
A/Latvia/12-084272/2022,2022.988
A/VelikyNovgorod/RII-MH132654S/2023,2023.111
A/Veneto/USAFSAM-14144/2023,2023.1
A/Albania/289788/2022,2022.697
A/Lisbon/6/2023,2023.067
A/Lisbon/532/2022,2022.711
A/Greece/ILI_249/2023,2023.01
A/Romania/94/2023,2023.122
A/Guyane/187/2023,2023.152
A/Yokohama/4/2022,2022.947
A/Yokohama/100/2023,2023.527
A/Yokohama/90/2023,2023.267
A/Yokohama/78/2023,2023.207
A/Guatemala/667/2023,2023.418
A/Bahrain/8523/2022,2022.533
A/Maldives/765/2022,2022.656
A/AbuDhabi/7444/2022,2022.892
A/Lebanon/175/2022,2022.933
A/MountLebanon/65/2023,2023.023
A/SouthAfrica/PET28078/2023,2023.226
A/Utah/15/2023,2023.1
A/Victoria/5165/2022,2022.826
A/Bahrain/1241/2022,2022.796
A/Victoria/342/2023,2023.221
A/Victoria/260/2023,2023.199
A/Victoria/164/2023,2023.193
A/Washington/44/2022,2022.612
A/Sidon/S0213/2022,2022.919
A/Sidon/S0212/2022,2022.933
A/Moulins/R2232198/2022,2022.549
A/Florida/57/2022,2022.41
A/Yamaguchi/25/2023,2023.36
A/Victoria/5290/2022,2022.985
A/Pennsylvania/45/2022,2022.527
A/Trinidad/2141/2023,2023.051
A/Santiago/133908/2022,2022.908
A/Pennsylvania/37/2023,2023.163
A/Santiago/133909/2022,2022.908
A/Mississippi/40/2022,2022.889
A/Rondonia/357218507-IAL/2023,2023.467
A/Darwin/11/2021,2021.3
A/NorthernTerritory/ATCC-9/2021,2021.256
A/Darwin/9/2021-egg,2021.292
A/Darwin/9/2021,2021.292
A/Stockholm/5/2021,2021.289
A/TimorLeste/98/2022,2022.179
A/TimorLeste/64/2022,2022.144
A/Guyane/130/2022,2022.086
A/India/2153/2021,2021.648
A/Nevada/8/2022,2022.182
A/Tokyo/22024/2022,2022.568
A/Yamaguchi/1/2022,2022.629
A/Yamaguchi/2/2022,2022.67
A/Delaware/1/2021,2021.289
A/Singapore/INFTT0002/2021,2021.533
A/Canterbury/1/2021,2021.533
A/Philippines/24/2021,2021.922
A/Philippines/21/2021,2021.823
A/Darwin/6/2021-egg,2021.204
A/Darwin/6/2021,2021.204
A/Moscow/2/2021,2021.338
A/StPetersburg/RII-09/2021,2021.842
A/Voronezh/8/2021,2021.708
A/Victoria/4411c/2022,2022.582
A/Netherlands/718/2022,2022.242
A/Vladivostok/NRCEM-13/2022,2022.168
A/Switzerland/9650/2022,2022.311
A/India/Pune-Nivari_22_31/2022,2022.486
A/Thuringen/6/2022,2022.16
A/Thuringen/4/2022,2022.122
A/California/1/2022,2022.01
A/Belgium/S0003/2022,2022.012
A/Poland/PL39/2022,2022.133
A/Uvs/61060/2022,2022.316
A/Estonia/168142/2022,2022.012
A/Wisconsin/38/2023,2023.259
A/Victoria/993/2022,2022.322
A/Victoria/72/2022,2022.245
A/Wellington/9/2022,2022.393
A/NewZealand/306/2022,2022.475
A/Victoria/4844/2022,2022.508
A/Uppsala/5/2021,2021.829
A/Tunisia/1580/2022,2022.204
A/Thuringen/23/2022,2022.41
A/UnitedKingdom/13320/2022,2022.377
A/Victoria/5/2022,2022.007
A/Finland/280/2022,2022.168
A/Milan/112/2022,2022.336
A/Victoria/5198/2022,2022.738
A/Thuringen/40/2022,2022.774
A/NewJersey/31/2022,2022.708
A/SuratThani/NIC-P2977/2022,2022.664
A/NewYork/3/2021,2021.708
A/Maryland/2/2021,2021.755
A/Arizona/25/2022,2022.325
A/RhodeIsland/9/2021,2021.914
A/Yokohama/3/2021,2021.949
A/Colorado/6/2022,2022.103
A/Victoria/6/2022,2022.116
A/Valparaiso/66437/2022,2022.396
A/Picardie/28479/2021,2021.711
A/Thailand/508/2022,2022.478
A/Thailand/1489/2022,2022.355
A/Trieste/16/2022,2022.13
A/Croatia/75169/2022,2022.316
A/Croatia/69089/2022,2022.245
A/Bulgaria/1827/2022,2022.264
A/Finland/300/2022,2022.738
A/Victoria/5211/2022,2022.895
A/Henan-Shihe/1977/2023,2023.774
A/Tunisia/1652/2023,2023.084
A/Austria/1598137/2023,2023.177
A/Norway/7235/2023,2023.39
A/Swansea/9594/2022,2022.93
A/StPetersburg/RII-9000S/2023,2023.032
A/Switzerland/89582/2022,2022.93
A/Macedonia/IPH-MKD-288SARI/2022,2022.911
A/Michigan/60/2022,2022.796
A/Netherlands/1617/2023,2023.39
A/StPetersburg/RII-14137S/2023,2023.193
A/Valladolid/4167/2023,2023.215
A/Leon/4311/2023,2023.215
A/Kanagawa/AC2316/2023,2023.768
A/Brisbane/273/2023,2023.368
A/Bolivia/18559VIR/2022,2022.264
A/India/PUN-NIV323256/2021,2021.47
A/India/Aurangabad-QC-21_55/2021,2021.673
A/India/PUN-NIV301759/2021,2021.278
A/Zgharta/6633/2021,2021.818
A/SriLanka/5/2022,2022.048
A/Myanmar/I039/2021,2021.582
A/Victoria/5/2021,2021.61
A/Alaska/1/2021,2021.634
A/Alaska/1/2021-egg,2021.601
A/Singapore/SAR86232/2021,2021.889
A/Darwin/24/2021-egg,2021.612
A/Darwin/24/2021,2021.61
A/Bhutan/1137/2021,2021.99
A/India/Kerala-NIVQC471/2021,2021.875
A/AbuDhabi/3550500/2021,2021.971
A/Bhutan/1331/2022,2022.837
A/Bhutan/1287/2022,2022.738
A/Norway/32026/2022,2022.744
A/SriLanka/26/2022,2022.988
A/UmmAlQuwain/7615/2023,2023.467
A/SriLanka/7/2023,2023.045
A/California/37/2021,2021.941
A/England/214191723/2021,2021.779
A/Hungary/9/2021,2021.933
A/Netherlands/99/2021,2021.9
A/Santiago/188970/2021,2021.916
A/Victoria/9/2021,2021.952
A/Rome/3/2021,2021.84
A/Lisbon/70/2022,2022.062
A/Qatar/25-VI-22-1930279/2022,2022.653
A/Paraiba/181445-IEC/2021,2021.719
A/PuertoMontt/71529/2022,2022.421
A/Poland/PL80/2022,2022.914
A/SantaCatarina/1975/2022,2022.034
A/Uruguay/1046/2022,2022.179
A/Zambia/7161/2022,2022.273
A/Zambia/1455/2022,2022.818
A/Zambia/1315/2022,2022.508
A/Zambia/9275/2022,2022.642
A/SaoPaulo/SPPU08586/2021,2021.911
A/Ireland/6979/2021,2021.968
A/Trujillo/TRU02885/2023,2023.199
A/Peru/2024/2023,2023.303
A/Peru/5443/2023,2023.412
A/Uruguay/3769/2022,2022.815
A/Georgia/17/2023,2023.086
A/HongKong/33/2022,2022.87
A/Michigan/83/2022,2022.859
A/Chile/9522/2022,2022.971
A/VinaDelMar/90277/2022,2022.547
A/Trujillo/TRU02780/2023,2022.862
A/VinaDelMar/116666/2022,2022.719
A/Valparaiso/94712/2022,2022.582
A/SriLanka/8/2022,2022.815
A/Singapore/SAR39241/2022,2022.319
A/Maldives/819/2021,2021.749
A/Nepal/21FL2141/2021,2021.566
A/Niger/10238/2021,2021.971
A/Niger/10322/2022,2022.015
A/Norway/29512/2021,2021.9
A/Togo/1949/2022,2022.738
A/Togo/159/2023,2023.092
A/Niger/3290/2022,2022.993
A/CoteDIvoire/3789/2023,2023.851
A/Ghana/1229/2024,2024.597
A/Ghana/7934/2023,2023.741
A/Togo/1668/2023,2023.829
A/Portugal/210312/2022,2022.155
A/Ghana/2122/2022,2022.39
A/Thailand/25/2022,2022.842
A/Yokohama/31/2023,2023.064
A/Yokohama/51/2023,2023.092
A/Nepal/PPHL09/2022,2022.579
A/India/Kashmir-Niviso_22_06/2022,2022.401
A/UnitedKingdom/13538/2022,2022.774
A/BurkinaFaso/2539/2022,2022.892
A/Bahrain/1899/2023,2023.582
A/Tenby/1009/2023,2023.579
A/Songkhla/THIS28/2023,2023.549
A/France/IDF-RELAB-IPP12405/2024,2024.807
A/BurkinaFaso/3131/2023,2023.886
A/Yaounde/23V-12684/2023,2023.944
A/Bahrain/2317/2023,2023.79
A/Bahrain/4658/2022,2022.36
A/Wakayama/3/2022,2022.867
A/HongKong/37/2022,2022.922
A/Thailand/9/2022,2022.527
A/Thailand/8/2022-egg,2022.718
A/Thailand/8/2022,2022.525
A/TimorLeste/54/2023,2023.974
A/TimorLeste/55/2023,2023.873
A/Oman/9537/2022,2022.445
A/Massachusetts/18/2022,2022.423
A/SuratThani/P4427/2022,2022.938
A/Ontario/RV00530/2023,2023.338
A/SuratThani/3897/2022,2022.823
A/Toulon/NOMS22133/2022,2022.705
A/Toulon/NOMS22129/2022,2022.632
A/AbuDhabi/2946/2022,2022.722
A/Newcastle/113/2023,2023.347
A/Uaq/12396/2023,2023.692
A/SouthAfrica/R07227/2023,2023.453
A/NewMexico/43/2023,2023.579
A/SouthAfrica/R07771/2023,2023.5
A/SouthAfrica/R06126/2023,2023.412
A/SouthAfrica/R06066/2023,2023.407
A/Switzerland/86247/2022,2022.87
A/Singapore/TT0216/2023,2023.223
A/Canberra/79/2023,2023.338
A/Lisbon/5/2023,2023.007
A/Vietnam/3030/2023,2023.656
A/Utah/33/2023,2023.481
A/SriLanka/7/2024,2024.004
A/Bawshar/52310940/2023,2023.303
A/Wisconsin/62/2023,2023.686
A/Zhejiang-Nanhu/1438/2023,2023.333
A/Singapore/TT0430/2023,2023.379
A/Zhejiang-Nanhu/1420/2023,2023.314
A/Anhui-Jinan/11028/2023,2023.774
A/Brunei/111/2023,2023.818
A/ZabaykalskyKrai/41-5V/2023,2023.834
A/Shanghai/PT1523C1/2023,2023.486
A/Victoria/967/2023,2023.341
A/Victoria/916/2023,2023.314
A/Victoria/2289/2023,2023.492
A/Wellington/6/2023,2023.147
A/Nepal/S574/2023,2023.155
A/Kenya/105/2023,2023.585
A/Bangladesh/3031/2023,2023.325
A/Maldives/1074/2023,2023.503
A/Maldives/823/2023,2023.407
A/Maldives/991/2023,2023.47
A/RasAlKhaimah/8132/2023,2023.522
A/TimorLeste/50/2023,2023.832
A/SuratThani/P2518/2023,2023.495
A/Suriname/609/2023,2023.629
A/Suriname/506/2023,2023.538
A/Thailand/22/2022,2022.725
A/TimorLeste/25/2023,2023.053
A/Maldives/1898/2023,2023.818
A/HongKong/1534/2023,2023.519
A/Guangdong-Zhenjiang/1261/2024,2024.31
A/HongKong/EPI0161/2023,2023.585
A/Shanghai-Putuo/1727/2023,2023.695
A/Slovenia/8/2024,2023.99
A/Santiago/99025/2023,2023.982
A/Okinawa/329/2024,2024.365
A/Yamagata/139/2024,2024.272
A/Yamaguchi/77/2024,2024.135
A/Victoria/3099/2023,2023.897
A/Lyon-CHU/250546769/2025,2025.248
A/Zambia/11-NIC-072/2024,2024.081
A/Zambia/119/2024,2024.261
A/Pennsylvania/98/2023,2023.971
A/Victoria/1520A/2024,2024.542
A/Vietnam/5018/2025,2025.026
A/Victoria/995/2024,2024.48
A/France/PAC-RELAB-IPP02589/2024,2024.078
A/Oman/3989/2024,2024.419
A/Fujairah/9666/2024,2024.354
A/Singapore/MOH0334/2024,2024.581
A/Swansea/8407/2024,2024.769
A/Athens/ILI1563/2024,2024.906
A/Albania/310457/2024,2024.999
A/Victoria/2195/2023,2023.53
A/Yokosuka/12/2023,2023.867
A/Yokohama/167/2023,2023.793
A/Finland/431/2023,2023.832
A/Zhejiang-Wuxin/1256/2024,2024.294
A/Zhejiang-Tongxiang/322/2023,2023.878
A/Yokohama/110/2023,2023.662
A/Wellington/61/2023,2023.664
A/Victoria/3240/2023,2023.895
A/Wellington/69/2023,2023.774
A/Sydney/856/2023,2023.938
A/Kanagawa/IC2311/2023,2023.793
A/Yokosuka/16/2023,2023.955
A/Yokohama/10/2024,2024.078
A/Wisconsin/99/2023,2023.87
A/ValencianCommunity/935/2024,2024.179
A/Uppsala/SE24-00437/2024,2024.02
A/Segovia/54/2023,2023.807
A/France/PDL-IPP04796/2024,2024.212
A/Vietnam/227/2023,2023.089
A/Victoria/59/2023,2023.062
A/Sydney/1304/2022,2022.823
A/Ulsan/65/2022,2022.832
A/NewYork/66/2022,2022.993
A/Thailand/CU-PEH230999/2023,2023.678
A/SouthAustralia/48/2023,2023.144
A/Albania/289813/2022,2022.949
A/PaysDeLoire/5590/2023,2023.163
A/Zhejiang-Yiwu/1231/2023,2023.177
A/Lao/1666/2023,2023.297
A/NewYork/33/2023,2023.582
A/Zhejiang-Wuxin/1863/2023,2023.771
A/Zambia/1295/2023,2023.24
A/SouthAfrica/R04548/2023,2023.322
A/SriLanka/R5_BC14/2024,2024.619
A/DistrictOfColumbia/27/2023,2023.938
A/Ireland/24264/2024,2024.214
A/Wisconsin/57/2024,2024.22
A/Croatia/10136RV/2023,2023.278
A/Croatia/10136RV/2023-egg,2023.925
A/Kanagawa/IC2346/2023,2023.988
A/Kentucky/29/2024,2024.447
A/Yokohama/30/2025,2025.13
A/Colorado/229/2024,2024.862
A/Wisconsin/18/2025,2025.053
A/Yunnan-Xishan/11120/2025,2025.3
A/Lithuania/MB2501060048/2025,2024.996
A/Luxembourg/LNS9442753/2025,2025.13
A/SouthAfrica/8461/2025,2025.675
A/Yekaterinburg/82/2025,2025.27
A/Solna/SE25-08259/2025,2025.462
A/Talca/69165/2024,2024.643
A/Talca/75547/2024,2024.717
A/Victoria/440/2024,2024.324
A/HongKong/2293/2024,2024.6
A/Zhejiang-Haishu/1221/2025,2025.095
A/Hungary/146/2025,2025.234
A/Guam/5525/2025,2025.034
A/Lao/1649/2024,2024.48
A/Yokohama/31/2024,2024.556
A/HongKong/8080/2024,2024.542
A/Belgium/H0083/2024,2024.605
A/Philippines/ILI24-1543/2024,2024.52
A/Yamaguchi/97/2024,2024.638
A/Yokohama/48/2024,2024.747
A/SaoPaulo/358537332-IAL/2025,2025.601
A/Victoria/818/2025,2025.415
A/Colombia/3073/2025,2025.752
A/Valdivia/62477/2025,2025.568
A/Goias/520695502-IAL/2025,2025.927
A/Kentucky/24/2026,2026.136
A/Netherlands/10685/2024,2024.947
A/Netherlands/77/2025,2025.015
A/Victoria/869/2025,2025.41
A/Victoria/769/2025,2025.401
A/Luxembourg/LNS9749400/2026,2026.075
A/SaoPaulo/358562700-IAL/2025,2025.714
A/SaoPaulo/358685105-IAL/2025,2025.886
A/Paraguay/1476/2026,2026.023
A/Utah/52/2025,2025.489
A/Tokyo/EIS13-029/2025,2025.289
A/Temuco/53782/2025,2025.448
A/Valdivia/37488/2025,2025.325
A/CzechRepublic/2887/2023,2023.903
A/StPetersburg/RII-60/2024,2024.788
A/HongKong/8052/2024,2024.816
A/Yokohama/51/2024,2024.772
A/Yekaterinburg/47/2024,2024.236
A/Luxembourg/LNS9469187/2025,2025.133
A/Belgium/S00631/2025,2024.993
A/Wales/810/2025,2025.256
A/Belgium/S3780/2025,2025.171
A/Wellington/67/2023,2023.722
A/Victoria/9/2024,2024.004
A/Kenya/139/2024,2024.392
A/Kenya/122/2024,2024.102
A/Netherlands/97/2024,2024.015
A/Netherlands/1839/2024,2024.827
A/Romania/590210/2025,2025.075
A/Washington/6/2025,2025.092
A/Macedonia/5/2024,2024.25
A/India/Pun-Nivcov241918/2024,2024.299
A/Sweden/SE24-15931/2024,2024.881
A/Minnesota/111/2024,2024.695
A/Yunnan-Xishan/11334/2025,2025.36
A/Maldives/1141/2024,2024.411
A/Phuket/302/2024,2024.408
A/AbuDhabi/8430/2024,2024.318
A/Tokyo/EIS10-294/2024,2024.485
A/Bangladesh/3726/2024,2024.48
A/Michigan/82/2024,2024.264
A/Bhutan/1699/2024,2024.747
A/Nepal/S774/2025,2025.152
A/Bhutan/90/2024,2024.906
A/Valladolid/1187/2025,2025.018
A/Sydney/1359/2024,2024.911
A/Singapore/GP20238/2024-egg,2024.985
A/Singapore/GP20238/2024,2025.001
A/Iceland/13146/2025,2025.316
A/Ulaanbaatar/1898/2025,2025.368
A/Ulaanbaatar/2031/2025,2025.423
A/Mississippi/37/2025,2025.374
A/WesternAustralia/2526815156/2025,2025.733
A/Wairarapa/1/2025,2025.571
A/Odisha/727/2025,2025.275
A/Fujian-Yanping/11201/2025,2025.382
A/Bhutan/2232/2025,2025.648
A/Maldives/1256/2025,2025.47
A/Maldives/1472/2025,2025.505
A/Tokyo/EIS13-275/2025,2025.495
A/Minnesota/101/2025,2025.632
A/Sydney/68/2025,2025.086
A/Kanagawa/AC2413/2025,2025.226
A/Yamagata/111/2025,2025.286
A/Zamora/434/2025,2025.958
A/Bhutan/644/2025,2025.747
A/Zambia/93/2025,2025.563
A/Netherlands/2125/2025,2025.615
A/NewMexico/1/2026,2026.007
A/Bhutan/BUM06/2025,2025.771
A/Lao/308/2026,2026.097
A/Darwin/1454/2025-egg,2025.61
A/Singapore/WH0052/2026,2026.377
A/Luxembourg/LNS9193090/2026,2026.166
A/Yasothon/B123/2026,2026.078
A/Tokyo/EIS13-615/2025,2025.662
A/Finland/133/2026,2026.41
A/Llandudno/9129/2026,2026.248
A/Temuco/63754/2026,2026.585
A/Maldives/2535/2025,2025.859
A/Croatia/HZJZ-9489/2026,2026.127
A/Macedonia/IPH-MKD-283G/2025,2025.999
A/Montenegro/2227142502/2025,2025.936
A/BurkinaFaso/3078/2025,2025.925
A/SouthAfrica/738/2025,2025.845
A/Wisconsin/114/2025,2025.503
A/Ulsan/864/2026,2026.188
A/France/PDL-IPP02161/2026,2026.267
A/Yasothon/B209/2026,2026.163
A/Vietnam/PF325274/2025,2025.582
A/Victoria/2609915560/2026,2026.27
A/Vietnam/PF325402/2025,2025.903
IPE06761,2026.111
A/Yunnan-Linxiang/1369/2026,2026.166
A/WestVirginia/35/2026,2026.212
A/Zhetysu/3497/2025,2025.815
A/SouthAustralia/2624900647/2026,2026.681
A/Bangkok/5896/2025,2025.966
A/WesternAustralia/2523716882/2025,2025.648
A/Guam/7570/2025,2025.84
A/Yokosuka/11/2025,2025.815
A/Iceland/16220/2026,2026.333
A/Santiago/28639/2026,2026.262
A/Guam/8287/2026,2026.138
A/Belgium/S3610/2026,2026.182
A/Croatia/HZJZ-9444/2026,2026.042
A/WesternAustralia/2602716250/2026,2026.073
A/Tokyo/EIS91-027/2026,2026.377
A/Norway/4793/2026,2026.489
TUM00033,2026.196
A/PuertoRico/26/2026,2026.399
A/Lithuania/P25-71547/2025,2025.993
A/Trieste/237/2025,2025.908
A/Albania/319834/2026,2026.059
A/INDIA/JIPMER/NIECMC/38/2026,2026.273
A/Uppsala/SE26-07695/2026,2026.607
A/Finland/138/2026,2026.486
A/Maldives/2932/2026,2026.527
A/Luxembourg/LNS9749240/2026,2026.032
A/Maldives/1658/2026,2026.36
A/Singapore/WH0073/2026,2026.445
A/SaudiArabia/26040700103/2026,2026.588
A/Tokyo/EIS91-055/2026,2026.495
A/WestVirginia/40/2026,2026.248
A/Yokosuka/12/2025,2025.895
A/Yokosuka/16/2025,2025.933
A/Lisbon/99/2026,2026.095
A/Yokosuka/1/2026,2026.056
A/Darwin/1415/2025,2025.588
A/Finland/830/2025,2025.664
A/Malta/MX62837/2025,2025.766
A/Niger/2556/2025,2025.785
A/VinadelMar/59388/2026,2026.544
A/VinadelMar/49191/2026,2026.453
A/England/2029897/2026,2026.632
A/Tokyo/EIS91-085/2026,2026.593
A/WesternAustralia/2620415625/2026,2026.558
A/Tokyo/EIS15-151/2026,2026.503
A/Victoria/237/2026,2026.368
A/WesternAustralia/2622217517/2026,2026.607
A/Visby/SE26-03351/2026,2026.212
A/Zhetysu/Inf-P-3952/2025,2025.952
A/Madagascar/539/2026,2026.089
A/Mississippi/44/2025,2025.941
A/Wisconsin/138/2025,2025.747
A/Zhejiang-Nanhu/1354/2026,2026.27
A/Wisconsin/144/2025,2025.782
A/Wisconsin/155/2025,2025.842
A/India/PUD_NIV26_740/2026,2026.053
A/India/NIECMC/27,2026.24
A/Tunisia/282/2026,2026.012
A/Ukraine/HCL026083024502/2026,2026.158
A/Ulsan/1019/2026,2026.264
A/CzechRepublic/506/2026,2026.059
A/Victoria/187/2026,2026.221
A/WesternAustralia/2534415989/2025,2025.941
A/Yunnan-Xishan/12069/2026,2026.607
A/Zhejiang-Yongkang/1456/2026,2026.421
A/Wellington/2/2026,2026.462
A/Zhejiang-Shangcheng/11948/2026,2026.538
A/Zhejiang-Gongshu/1434/2026,2026.338
A/Alaska/36/2026,2026.481
A/Yasothon/B740/2026,2026.59
A/WesternAustralia/2530216228/2025,2025.826
A/Yunnan-Zhaoyang/11246/2025,2025.927
A/Yaroslavl/103/2025,2026.089
A/Thuringen/71/2025,2025.826
A/SriLanka/16/2026,2026.473
A/SriLanka/38/2026,2026.615
FS-26-7217,2026.618
A/Virginia/GKISBBBK15769/2026,2026.59
FS_26_5603,2026.5
A/Ghana/5097/2026,2026.459
A/Zhejiang-Shangcheng/1310/2026,2026.097
A/CoteDIvoire/828/2026,2026.188
A/Finland/76/2026,2026.242
A/SaoPaulo/358938479-IAL/2026,2026.349
A/Virginia/GKISBBBI75227/2026,2026.497
A/Surgut/RII-MH290552S/2026,2026.168
A/SriLanka/111/2025,2025.996
A/Zavkhan/20253268/2025,2025.895
A/Uganda/3792/2026,2026.248
A/Yekaterinburg/RII-MH292441S/2026,2026.034
A/Tak/P3479/2026,2026.552
A/ThesprotiaGR/SENT10499/2025,2025.96
A/Yokohama/15/2026,2026.13
A/Lisbon/96/2026,2026.251
A/Slovakia/uvzsr-2626/2026,2026.185
A/Uganda/UVRI_KSW8722/2026,2026.358
A/Netherlands/3104/2025,2025.963
A/Lithuania/P25-70281/2025,2025.974
A/India/PUD_NIV26_742/2026,2026.127
A/StPetersburg/RII-MH291326S/2026,2026.341
A/StPetersburg/RII-25-5484S/2026,2026.297
A/Victoria/3234B/2023,2023.93
A/Vasteras/SE23-14213/2023,2023.525
A/Venezuela/4978/2023,2023.779
A/Victoria/167/2024,2024.242
A/Switzerland/94675/2023,2023.947
A/Muscat/7234671/2023,2023.755
A/Oman/7407/2023,2023.944
A/Kanagawa/IC2338/2023,2023.947
A/Oklahoma/5/2024,2024.105
A/Slovenia/49/2024,2024.583
A/Vietnam/PF224067/2024,2024.141
A/Vietnam/PF324072/2024,2024.258
A/Wakayama/33/2024,2024.892
A/Vietnam/PF524545/2025,2024.988
A/Guangxi-Longzhou/1484/2025,2025.437
A/Vietnam/5108/2025,2025.179
A/Vietnam/2472/2024,2024.72
A/Vietnam/PF125261/2025,2025.544
A/Vietnam/5067/2025,2025.16
A/SuratThani/1486/2025,2025.448
A/Lao/740/2025,2025.388
A/Lao/510/2025,2025.327
A/Netherlands/1747/2023,2023.801
A/Vietnam/PF224396/2024,2024.758
A/ChiangRai/1932/2024,2024.236
A/Zhejiang-Nanhu/130/2024,2024.097
A/Colorado/6/2024,2024.004
A/Slovenia/21/2024,2024.001
A/Zhejiang-Haishu/1908/2024,2024.428
A/Shanghai-Fengxian/1912/2023,2023.79
A/Vietnam/PF224039/2024,2024.078
A/Colombia/1744/2024,2024.764
A/Colombia/1472/2024,2024.482
A/Zamyn-Uud/33/2024,2024.01
A/Zhejiang-Xiuzhou/385/2023,2023.93
A/Tokyo/EIS10-618/2024,2024.624
A/Guyana/10084/2024,2024.406
A/BosniaHerzegovina/1149/2024,2024.182
A/Switzerland/47775/2024,2024.255
A/Sydney/711/2024,2024.518
A/Uganda/UVRI_KIS6777/2024,2024.862
A/Zhejiang-Zhangxing/1831/2025,2025.782
A/Zhejiang-Wuxin/1244/2025,2025.226
A/TianjinHebei/117/2024,2024.001
A/CoteDIvoire/824/2024,2024.198
A/Iceland/9695/2024,2024.228
A/Zhejiang-Longwan/1195/2024,2024.214
A/Sichuan-Qingyang/1586/2024,2024.365
A/Latvia/1-066146/2024,2024.053
A/YoshkarOla/RII-MH172459S/2024,2024.105
A/Guizhou-Yilongxin/2738/2024,2024.766
A/Yunnan-Wenshan/11051/2024,2024.843
A/Yunnan-Mengliandaizulahuzuwazuzizhi/1185/2024,2024.98
A/Vaxjo/SE24-17397/2024,2024.958
A/Belgium/S8309/2024,2024.895
A/Jilin-Ningjiang/1204/2025,2025.097
A/Perth/815/2024,2024.411
A/Yamanashi/24026/2024,2024.138
A/Kazakhstan/13/2023,2023.358
A/Bangladesh/3015/2024,2024.122
A/Ghana/1122/2024,2024.561
A/Ghana/1500/2024,2024.72
A/Ghana/394/2025,2025.081
A/Slovenia/1634/2023,2023.741
A/Netherlands/1674/2023,2023.662
A/Halmstad/5/2023,2023.659
A/Arica/52920/2024,2024.499
A/Argentina/116/2024,2024.329
A/Ireland/24704/2024,2024.108
A/Darwin/1067/2024,2024.499
A/Denmark/1612/2023,2023.738
A/Romania/564337/2024,2024.048
A/Valparaiso/7570/2024,2024.064
A/Valparaiso/11568/2024,2024.113
A/Ghana/942/2025,2025.138
A/Ghana/3370/2024,2024.43
A/Galicia/GA-CHUAC-118/2024,2024.474
A/Salalah/52425062/2024,2024.657
A/Bangladesh/8022/2024,2024.54
A/England/242400295/2024,2024.419
A/Colombia/1601/2024,2024.835
A/Sharjah/1768/2024,2024.862
A/Thessaloniki/C-5273/2023,2023.938
A/Zhejiang-Shangcheng/1895/2024,2024.69
A/Victoria/587/2025,2025.295
A/Turkmenistan/801/2025,2024.933
A/France/NOR-IPP21111/2023,2023.703
A/Netherlands/3144/2023,2023.966
A/Bhutan/1490/2023,2023.626
A/Sydney/878/2023,2023.752
A/Norway/8239/2023,2023.563
A/SouthAfrica/8483/2024,2024.775
A/Nevada/32/2023,2023.81
A/Canberra/302/2023,2023.777
A/Victoria/2906/2023,2023.856
A/Lao/F4672/2023,2023.79
A/Montenegro/244677/2023,2023.949
A/Belgium/S03252/2023,2023.76
A/Paraiba/2023-044623-IEC/2023,2023.741
A/Catalonia/NSVH102161296/2023,2023.695
A/Maldives/1772/2023,2023.741
A/Sweden/SE24-52465/2024,2024.086
A/Ynysfach/348/2024,2024.504
A/Croatia/HZJZ_6179/2023,2023.829
A/Ireland/17646/2024,2024.157
A/Washington/207/2024,2024.373
A/India/PUN-NIV24_1168/2024,2024.217
A/Virginia/41/2024,2024.917
A/Bhutan/2209/2024,2024.958
A/Para/2024-013575-IEC/2024,2024.234
A/Norway/4754/2024,2024.488
A/Catalonia/NSVH102423723/2024,2024.695
A/Catalonia/NSVH102421648/2024,2024.684
A/Guizhou-Nanming/1639/2025,2025.284
A/Wyoming/24/2025,2025.188
A/Wisconsin/154/2024,2024.818
A/Tokyo/EIS11-171/2024,2024.917
A/Sydney/16/2025,2025.056
A/Guam/5965/2025,2025.16
A/SaoPaulo/357389770-IAL/2023,2023.889
A/Lisbon/177/2024,2024.499
A/France/PAC-HCL025088704302/2025,2025.407
A/Fiji/295/2024,2024.843
A/Ecuador/6629/2024,2024.958
A/Peru/2104/2025,2025.401
A/Lisbon/662/2025,2025.253
A/Victoria/436/2025,2025.199
A/Victoria/3620/2024,2024.988
A/ZabaykalskyKrai/562-3V/2025,2025.193
A/Ecuador/6687/2025,2025.018
A/Ohio/253/2024,2024.567
A/Yakutia/198-11V/2025,2025.001
A/Yokohama/40/2025,2025.215
A/Hungary/305/2024,2024.911
A/Austria/MUW1790184/2025,2025.084
A/Reunion/CHU724122775301/2024,2024.993
A/Parma/50/2024,2024.859
A/Suriname/207/2025,2025.19
A/Slovenia/NLZOH-8008-21-2023/2024,2024.903
A/SchleswigHolstein/54/2024,2024.848
A/Croatia/HZJZ_8382/2025,2025.021
A/Luxembourg/LNS8590557/2025,2025.16
A/Kosovo/3406/2024,2024.996
A/Switzerland/SNRCI-HUG-46478886/2024,2024.887
A/Bulgaria/2825/2025,2025.237
A/Fujian-Pinghe/31/2025,2025.149
A/Lyon/242033699/2025,2024.999
A/Norway/7644/2025,2025.396
A/Mold/3754/2025,2025.651
A/Tasmania/557/2025,2025.462
A/Canberra/382/2023,2023.884
A/Maldives/Male-NIV241365/2023,2023.988
A/Maldives/2125/2023,2023.911
A/BanskaBystrica/83/2024,2024.064
A/Yokosuka/2/2024,2024.214
A/Lisbon/216/2023,2023.955
A/Victoria/99/2024,2024.146
A/Victoria/800/2024,2024.433
A/Sydney/761/2024,2024.507
A/Bahrain/8389/2024,2024.698
A/SaudiArabia/PHL/FS8301/2024,2024.512
A/Pennsylvania/234/2024,2024.501
A/Victoria/3568/2024,2024.824
A/Estonia/KL4538/2025,2025.152
A/Victoria/3627/2024,2024.835
A/Kanagawa/IC2405/2024,2024.914
A/Yokohama/49/2025,2025.36
A/Yokosuka/3/2025,2025.04
A/Yokohama/111/2024,2024.949
A/Beijing-Chaoyang/11253/2024,2024.422
A/Samoa/34/2024,2024.818
A/Wellington/85/2024,2024.619
A/Croatia/3644/2024,2024.567
A/Ranong/DAI458/2024,2024.597
A/Yangon/I080/2024,2024.873
A/SriLanka/36/2025,2025.36
A/SriLanka/R5_BC35/2025,2025.045
A/SriLanka/100/2024,2024.766
A/France/PDL-RELAB-IPP02068/2025,2025.073
A/Tasmania/627/2025,2025.514
A/SriLanka/BC60March2026,2025.168
A/Stockholm/SE24-53070/2024,2024.307
A/Victoria/958/2024,2024.433
A/Victoria/928/2024,2024.411
A/Victoria/478/2024,2024.367
A/Perth/836/2024,2024.482
A/Taiwan/C21735/2025,2025.007
A/Norway/9843/2024,2024.955
A/Minnesota/97/2024,2024.594
A/Tokyo/EIS10-591/2024,2024.619
A/Lithuania/MB250102_0073/2024,2024.977
A/Victoria/3507/2024,2024.714
A/Vietnam/25366/2025,2025.823
A/Valdivia/13322/2025,2025.103
A/Slovenia/NLZOH-8008-21-513/2025,2025.103
A/SouthAfrica/R05190/2025,2025.429
A/SouthAfrica/3360/2025,2025.245
A/SouthAfrica/4820/2025,2025.399
A/SouthAfrica/5736/2025,2025.484
A/SouthAfrica/8320/2025,2025.656
A/Netherlands/2095/2025,2025.481
A/Tokyo/EIS13-360/2025,2025.555
A/Oman/CPHL_7255092/2025,2025.664
A/Xinjiang-Changji/1952/2025,2025.212
A/Croatia/31CRV/2025,2025.27
A/Zhejiang-Shangcheng/12993/2025,2025.848
A/Zhejiang-Shangcheng/11853/2025,2025.514
A/Vietnam/PF226156/2026,2026.325
A/Zhejiang-Shangcheng/12399/2025,2025.667
A/Jonkoping/SE25-09086/2025,2025.56
A/Yasothon/B259/2025,2025.738
A/Wales/715/2025,2025.251
A/Qinghai-Tongren/1347/2025,2025.421
A/SouthAfrica/4119/2025,2025.327
A/Vladivostok/25/2025,2025.708
A/Yokosuka/10/2025,2025.673
A/Sichuan-Qingyang/8316/2025,2025.629
A/Belgium/56/2025,2025.36
A/Wisconsin/100/2025,2025.264
A/Vladivostok/4/2025,2025.149
A/Slovakia/uvzsr-40435/2025,2025.177
A/Switzerland/UN-SNRCI-HUG-47661090/2025,2025.229
